poi_id	normalized_score	geographic_id	category_id	administrative_region_id
6840239	0.726146	28091731	15	2974
592391	0.831667	25317894	4	2422
2693505	0.218176	28054758	8	2806
154801	0.447102	24762568	17	1816
2118483	0.344205	2275896	18	1802
5995392	0.517513	44746658	1	1826
659215	0.713801	47124031	8	1370
5864572	0.700237	17534384	0	547
6507939	0.781861	7021523	0	3111
6224661	0.754929	51835715	0	947
6237979	0.76252	11539777	4	2914
5778485	0.803128	8063757	3	1881
5780265	0.760486	6029699	11	1915
5832536	0.71923	12974119	4	174
3007827	0.358406	33201780	20	432
3071791	0.435607	26585264	6	3161
73646	0.749163	44220297	4	1589
1397279	0.350588	31144692	17	1752
1440679	0.71014	36871251	8	297
2278596	0.819298	51816039	8	1551
5921163	0.826094	2807044	11	359
1493532	0.744979	52068437	8	3263
1499232	0.329906	24383980	13	1416
5080232	0.715519	22796486	0	3257
5082877	0.34497	24906450	4	1497
2537903	0.471432	46024997	14	458
3157084	0.544954	23973529	8	1816
4857667	0.530018	49305588	1	353
2503496	0.516755	22508873	4	3257
2429506	0.819429	5242183	8	2914
4546329	0.658759	51193717	0	2072
4567170	0.702037	21620129	14	836
2057919	0.953248	12040607	4	2582
5587016	0.387014	6113592	14	1643
2862746	0.840228	23838766	15	3001
359103	0.744054	45651231	1	2914
5412900	0.898012	6019624	4	3263
5457465	0.53515	36767649	7	1300
4424472	0.772604	26654585	16	1551
5825595	0.856933	51433470	4	2582
4991849	0.849504	16376865	15	3238
4357547	0.589051	39540184	10	3187
855248	0.828243	44034884	1	359
846034	0.646224	17903944	10	24
3808031	0.914102	31825270	1	359
3673230	0.571197	15064702	15	2848
3722311	0.838573	52109795	4	1881
412022	0.760388	14957858	4	1127
453068	0.705904	40136852	20	1826
461891	0.163615	28548409	16	1370
5341825	0.350558	36404985	16	1788
2357075	0.412372	40995779	17	1169
2363070	0.316343	19367944	13	1519
901486	0.326426	2928150	16	1497
2838424	0.638188	50489477	16	2974
6083798	0.849365	42826936	15	1223
7065462	0.69102	51816039	8	1551
2739948	0.83088	42664433	4	1127
2750824	0.71484	4641532	4	2422
3366495	0.299013	45245020	13	2708
2429770	0.67625	23067564	16	580
2602646	0.723518	13755845	8	835
2603727	0.52949	23700032	8	2430
1875180	0.849549	40507241	15	2649
6872864	0.722193	51787943	16	359
3409169	0.789731	51830444	4	42
7265150	0.592953	25600349	17	1519
7010062	0.979354	16869113	0	1529
3325341	0.759044	50170153	8	835
141462	0.809998	37859114	4	1709
178059	0.826159	36716544	4	245
2882552	0.398481	49314085	0	1168
3474325	0.736192	16371296	14	745
3478191	0.428444	26710513	17	1551
6097361	0.844984	8808218	4	2319
931986	0.374555	34512063	15	3142
519022	0.699576	44333078	8	359
5716239	0.598347	19486233	8	818
5848126	0.440288	42160747	17	174
5200293	0.501579	49380114	16	2806
5129845	0.878701	11839166	1	359
1072211	0.836485	3846464	0	997
1102745	0.723992	4457910	16	526
1115292	0.480831	32311722	10	898
1146051	0.676403	24770732	8	258
1318165	0.589525	4802566	1	2582
5231929	0.478937	36437472	6	2180
3285403	0.142031	30167853	18	372
4927274	0.741752	18230861	4	1826
4258143	0.562173	16361230	17	1826
6762443	0.287816	52511101	16	3257
3931830	0.842283	4583454	1	2195
4012670	0.849845	46590945	15	702
3647318	0.48647	34807415	17	1881
4394384	0.308458	46484413	17	1915
6568305	0.506461	21343775	16	1370
6596108	0.607865	38001402	8	297
944425	0.359987	3288167	3	1752
4560273	0.262461	43967267	17	955
333890	0.615169	50075564	4	432
5561136	0.660478	27014362	8	2428
1297483	0.872366	38948860	6	1551
1300898	0.848548	13410714	0	1696
1604371	0.522971	11046204	17	921
3275442	0.659105	2544860	18	1127
6140717	0.493187	4653689	4	2422
6153762	0.831428	50989001	1	540
6156851	0.743548	40202087	8	3161
3487412	0.137797	18794711	3	2339
3528005	0.742651	11176417	4	2244
693763	0.741465	48574564	8	359
1018390	0.690289	11280229	3	2199
3078023	0.856925	17029030	1	3161
4329868	0.370449	18494164	20	2883
6788227	0.816204	45693531	1	359
7121360	0.700009	14501386	11	2089
2066321	0.433744	39401598	8	2460
2075049	0.250484	48261458	11	759
1877858	0.822318	31214931	0	1121
6710765	0.219861	28204544	16	720
1057294	0.395733	32975370	8	818
2723733	0.99558	1723214	4	328
652992	0.749628	432050	1	3123
76701	0.671584	25456484	15	3246
42050	0.815124	16957764	4	3263
6865430	0.826051	1149385	1	203
4722760	0.755996	15704089	8	1519
220747	0.41408	13167572	16	1826
5335799	0.64927	15673003	10	24
370905	0.823476	15425805	4	1562
1165427	0.567232	51792453	16	1762
4944535	0.760421	20966527	18	1826
6729135	0.530802	4339288	13	898
5655789	0.588043	45850980	0	2348
304130	0.737301	34333509	15	1240
3413533	0.679607	40264006	4	60
1486533	0.81674	28010116	14	1127
414426	0.686896	25720076	0	540
5268464	0.369744	27836019	15	1240
5683530	0.320004	38815187	3	2199
4808043	0.727417	13130221	4	3257
6046709	0.84955	84761	15	634
3555665	0.580216	6227155	17	3161
1135066	0.777964	35563202	11	2582
5383588	0.581431	2608370	0	1127
4684852	0.406621	7079390	18	2254
5485783	0.321457	8462883	11	2590
1884244	0.541608	11894353	4	3257
1691150	0.848483	27442326	4	818
4518127	0.845989	7205213	4	1881
5154790	0.825966	24917629	4	1554
5837841	0.794218	5120746	0	1519
2124337	0.511801	8063757	17	1881
5182501	0.23654	26167187	8	353
5240678	0.683189	23142432	10	1241
6547132	0.770791	25586055	8	3111
6600902	0.762861	33217612	16	1950
3932225	0.729281	3289865	4	3257
3948017	0.648248	10595483	18	580
6507930	0.242242	49027645	13	898
5772831	0.439808	4229865	3	3123
2757994	0.842718	38149309	4	921
3099915	0.752077	19180565	11	353
4275908	0.368824	25208102	4	432
5682521	0.314407	4229865	7	3123
7285321	0.756771	2604398	16	257
3609284	0.835023	8361512	1	2590
5969118	0.717076	16502349	14	1121
6007499	0.598485	5606961	3	1826
6542162	0.928944	9836184	0	1950
6595684	0.419994	24082071	17	3111
1614496	0.396406	51160532	17	353
7211738	0.335848	19045112	15	1466
3609301	0.522294	51787943	17	359
1394748	0.617641	35618330	16	357
5906600	0.691701	11021199	8	3111
5927918	0.806213	29328557	11	2089
4122437	0.349335	2551039	3	720
4853538	0.863204	45404884	4	1127
5275482	0.737904	36093309	4	2803
1491622	0.534789	9669545	10	1826
4674489	0.811242	33238700	4	1950
749670	0.617424	13723332	1	1551
2097515	0.596045	20373749	14	1881
115699	0.522479	49805228	16	2170
3200319	0.216286	7746224	17	836
3036689	0.841898	849186	0	1802
3039111	0.501452	38180006	15	1816
3090003	0.654249	712967	3	1370
4220270	0.631442	13842339	6	1709
254339	0.435483	34421099	16	353
5322298	0.676502	26211244	14	818
5326130	0.652613	19505338	10	3263
27811	0.762402	36425504	15	1802
5472819	0.68941	41068055	8	836
4304291	0.409481	45524128	17	2914
6674455	0.76811	21432275	11	3263
2977071	0.99556	4240049	4	3263
4953611	0.49031	50914496	15	1551
5118441	0.74094	32920032	0	547
6057710	0.436469	43101281	1	1392
6071514	0.365341	23764069	17	2707
6074926	0.253088	52356501	20	2999
2509417	0.423236	4229865	17	3123
268832	0.833565	306704	11	203
195106	0.669277	37203695	17	357
6303950	0.712748	25316499	8	1370
6304660	0.648869	21856628	8	3161
1180188	0.714446	18074985	4	1915
6257176	0.212123	29349576	17	1752
6930039	0.283984	45651231	17	2914
2026922	0.746149	49328331	8	2483
2043519	0.678184	13768962	16	359
2482344	0.274711	13377637	17	1826
7060662	0.763416	32542622	16	357
7019107	0.842146	44815162	4	1416
5537629	0.815828	40506232	8	433
573576	0.55894	11050923	1	357
7093479	0.783498	52648698	4	2365
2700607	0.707578	16873965	17	1378
2730393	0.796917	49305588	15	353
7079559	0.770581	6774758	4	2974
5191399	0.622914	5627060	16	203
5225675	0.631413	47420547	17	1826
1926377	0.36851	38538879	14	1966
574225	0.441502	35472890	18	805
1223017	0.793432	16140507	1	297
1242702	0.320297	37101276	11	1752
4701866	0.428577	41443819	16	1950
88349	0.479628	21730608	3	540
6261648	0.830866	20236941	0	1802
6035030	0.864018	42419263	1	836
697759	0.428355	50630259	16	1788
707600	0.765049	13036263	8	1752
6748802	0.692115	9669545	8	1826
1756003	0.858158	51660446	0	328
7162579	0.892102	707070	6	1370
4575589	0.637465	38715242	8	898
120877	0.995058	3436427	4	359
3119848	0.743094	1317084	8	1378
735616	0.835928	49411997	0	1915
3046763	0.719317	2928150	1	1497
4196433	0.664003	49202198	8	2036
6098810	0.687377	40600420	18	3263
4141814	0.920559	40138569	4	945
1287912	0.413301	23225676	17	1881
1404418	0.812948	45075436	0	1802
1444142	0.849338	21727701	15	248
1473054	0.65317	49508380	8	540
6984575	0.699522	37328738	8	297
5040041	0.495556	4229865	3	3123
5433237	0.682105	46857469	10	1842
5465128	0.717375	45089318	6	1121
4033369	0.442869	34132995	17	2974
4082956	0.831279	36774014	4	174
7113741	0.740983	37853980	8	2974
4046228	0.409534	19668279	13	540
36499	0.685764	22665016	6	357
1589669	0.725632	10651581	16	328
7053657	0.318258	41113215	18	898
6911662	0.800573	24668674	4	297
6938342	0.849934	13785994	0	1680
370938	0.192736	43541571	1	2883
2214452	0.605983	39207483	14	297
5351710	0.537742	7746224	17	836
2273210	0.728603	8955797	18	720
3659460	0.725453	14893407	8	1826
3674506	0.703182	14364519	8	818
3726079	0.872505	47051380	0	1802
4049587	0.499863	44913637	10	1752
4317824	0.752881	18903299	0	1723
4349135	0.709755	8048956	4	1240
4365953	0.574633	17895262	15	3263
4379457	0.504594	5821415	15	3142
539653	0.697317	38531859	11	2820
4460219	0.656159	3058236	8	1551
895572	0.793575	44852992	4	2974
6811492	0.336058	21394209	17	2974
405081	0.615079	22816044	4	759
413782	0.849396	13655487	15	2791
4423072	0.708353	23643333	18	1107
2798012	0.440598	38318595	18	3161
5240522	0.611646	26879458	4	1816
6396147	0.48764	667786	8	835
348691	0.816038	47938129	4	939
2244897	0.836415	1723214	4	328
4643261	0.995647	5615504	4	1709
5575889	0.841125	20765779	1	580
5588963	0.234981	29149943	1	3111
2893618	0.887339	42853431	0	1950
5682128	0.707275	30519015	15	3263
4738982	0.840848	8546890	0	1790
5467043	0.579507	19552917	18	805
3250001	0.775439	762804	18	1752
3266380	0.846043	2275896	0	1802
5873898	0.823096	8095328	1	357
5882931	0.877899	2841538	0	1121
2989917	0.332648	51764629	14	2422
432292	0.774997	548784	8	3187
439782	0.739962	23343915	8	2170
6047296	0.864375	23098675	4	3263
6052405	0.994011	2391212	4	2847
1695271	0.58088	38318595	18	3161
5176834	0.325038	37207718	13	3187
5110260	0.539862	46484413	10	1915
5169544	0.751137	31371354	16	258
1137515	0.872247	16388215	0	359
2565764	0.529463	39540184	10	3187
1725019	0.342813	10595483	17	580
2382253	0.802762	30030996	8	836
3212851	0.864769	10534466	4	1812
3112938	0.797494	35347439	1	1240
3299452	0.857897	2614152	4	1950
3300509	0.890115	9351278	14	2428
3308714	0.822606	18859946	4	2199
926384	0.740258	4570438	0	917
6175462	0.727161	41293522	13	3257
6215465	0.487705	25001440	1	1241
3001943	0.448575	27060194	10	3159
3070104	0.76075	39586911	16	24
3643541	0.428921	46879211	15	2294
5954955	0.434953	50987378	17	2430
514827	0.44437	13402358	7	1370
5721346	0.651707	20458922	15	3035
6537912	0.823503	28888369	4	2430
3574679	0.525755	17237449	17	836
2758400	0.819087	6909250	4	1399
6913173	0.83852	2370411	1	353
1668611	0.2179	20290823	13	1416
1584280	0.709113	27390891	8	1709
1398106	0.454913	47465877	17	297
388509	0.686596	40168549	8	836
1021465	0.737946	20410876	16	2701
4181985	0.818193	44765955	1	245
5165362	0.756458	35242178	8	1826
6130874	0.889268	3536346	15	3098
4581026	0.660338	31542714	10	24
5371502	0.706853	39359785	14	3263
7055210	0.852365	51039314	4	1127
1855759	0.521152	8095328	16	357
7129932	0.699919	52156753	8	174
4266784	0.394323	30400876	0	3202
2447264	0.633148	9394917	4	835
2632748	0.597085	51816039	14	1551
2658862	0.661263	6627557	2	540
2659159	0.694836	41100760	18	1370
1933822	0.76312	44552390	1	297
2573022	0.653595	21849263	18	243
1425988	0.361567	36440853	16	1752
952281	0.84788	49066261	0	1121
4422322	0.737166	49186872	1	1240
6814126	0.705111	4574754	4	540
6847531	0.751566	29777422	15	1816
1754896	0.715747	15535314	4	1378
6095723	0.378226	50310231	16	1816
6745103	0.648868	44333078	8	359
3728035	0.07197	46846052	1	917
5302224	0.384576	17602824	18	1946
3210122	0.407425	51813339	14	1826
7128117	0.816203	35065874	8	540
3087822	0.633588	42663996	10	1915
5060604	0.460817	30030996	17	836
576295	0.784097	14893407	8	1826
1149247	0.567464	47587313	4	1709
1156146	0.67602	32574744	10	2974
3473731	0.839611	27170356	4	3142
2590098	0.817848	44927524	0	2847
6989468	0.779195	17736556	1	3111
7017045	0.785229	11601128	16	3159
6119341	0.021515	8787429	17	2170
6134985	0.711446	51120818	4	2422
5842365	0.641954	7401247	16	1752
6101763	0.664643	4080094	16	2319
6159768	0.665926	34850002	4	540
1271531	0.528286	27406522	2	3142
1647666	0.411316	35065874	8	540
6180616	0.829647	45061455	11	1826
4580221	0.954782	16083780	0	1802
609643	0.593	19365904	8	1392
1678736	0.499595	7038687	3	753
4519357	0.963531	31190061	0	203
1843652	0.583349	3790271	13	2883
1213137	0.528413	36278242	16	2294
6619702	0.244214	29206988	15	3246
6620304	0.863531	39298503	0	1802
5750076	0.352487	31684468	7	720
1231472	0.617555	31510760	3	1816
721210	0.453735	7643098	3	720
3978787	0.657298	18350708	17	432
1754243	0.724914	38828657	8	836
3938554	0.579198	27245123	0	3111
1346587	0.995598	14957858	4	1127
322783	0.984211	25232720	4	357
366928	0.70414	43618827	8	1121
2328307	0.889483	4166887	15	437
1549979	0.63775	42526497	14	1551
4688999	0.626232	17736556	1	3111
2398090	0.591795	39256253	20	1752
7125608	0.872009	7989426	4	836
7159338	0.828081	32588358	4	3098
5604500	0.708506	31312989	8	835
2817148	0.744083	16898693	8	720
7006155	0.802667	44981969	1	353
5467928	0.418279	32469665	15	1551
809621	0.539516	3009125	8	836
3804720	0.365934	11021199	1	3111
4365941	0.596436	42340639	17	3123
4374951	0.824414	6671032	4	791
2679324	0.362846	25433989	18	759
4031484	0.762773	20663496	14	3188
50863	0.768725	44220297	4	1589
5392138	0.569552	37182366	16	1816
4092380	0.819429	30698384	15	359
4371693	0.751279	19943718	4	1752
4390916	0.647303	41405324	3	1090
2114004	0.739534	3059620	10	842
3032171	0.844028	26658093	1	2428
1533029	0.822099	4037395	4	1240
4816935	0.836447	5615504	4	1709
709509	0.781458	35179092	11	2036
44834	0.633295	10595483	18	580
528095	0.698533	22413741	16	1752
4439652	0.692659	40430217	16	24
4493400	0.4356	31141821	13	353
194007	0.800023	32234764	14	297
5611244	0.475009	22890747	17	3123
5639337	0.501613	17066175	11	258
6069735	0.881348	37354380	0	2974
7021739	0.783637	20252172	0	805
7064956	0.771917	47829206	16	1241
6486124	0.82066	17736556	1	3111
713666	0.869029	34962714	4	1107
737393	0.835256	17093165	0	1392
746356	0.649785	48465248	8	3257
411492	0.825539	23142432	8	1241
2138098	0.201901	5479835	4	3159
5403573	0.603129	41525629	20	359
2879915	0.761744	52552787	14	353
3884536	0.879349	24985203	0	1127
1742295	0.588268	31643432	16	2430
3352456	0.403872	10406271	0	1570
2256478	0.995591	26461087	4	805
125649	0.712058	34344030	0	369
1742632	0.512647	11114558	1	3187
6403244	0.830555	9501060	14	540
2832056	0.502542	34706584	3	836
6983129	0.87628	32567641	15	654
6132321	0.677283	51996522	8	1551
1303326	0.83456	38862308	4	753
5529266	0.582265	22082985	8	1826
7080269	0.83221	11560281	11	835
6155056	0.231714	12359933	17	218
1226865	0.140478	14718597	17	433
5979958	0.76833	173414	8	3111
6030410	0.558835	35302470	8	3257
3631364	0.320903	2452373	17	108
4681272	0.34342	38469907	17	174
3711076	0.256502	30463277	1	2974
1689131	0.379091	13952040	15	1950
4763465	0.470743	9593585	17	359
6083180	0.630486	12549965	3	2883
293945	0.852938	26916285	0	1241
320649	0.574098	50833934	14	836
354838	0.28251	17939548	15	3111
4135401	0.43443	26182627	3	1950
4174446	0.212886	35674178	13	1783
7247414	0.27089	49115943	16	1788
7248097	0.861236	37354380	0	2974
3138287	0.423529	48750368	2	353
3744873	0.845133	52604566	0	2730
5331976	0.617271	42276327	0	1399
2667341	0.785181	34693392	4	1217
51395	0.566008	33709778	13	580
1499701	0.568538	47829206	17	1241
1521308	0.332903	12855470	4	3123
767846	0.840043	14957858	4	1127
4074639	0.755177	48821880	13	1866
6809474	0.472045	22972122	17	2089
7148865	0.670016	51803728	20	1881
15590	0.175585	39211742	4	3123
458599	0.593463	14292727	17	359
2638992	0.796318	25001440	0	1241
2653427	0.623275	22914713	8	1752
2653800	0.849347	44869495	15	1546
2723502	0.341335	47235012	16	1127
156747	0.672795	15313056	10	3263
3677452	0.452332	38641965	15	818
4064258	0.838097	13768962	11	359
4100591	0.42573	39091482	17	357
4330142	0.720097	45429338	8	1752
2490015	0.554538	49578088	4	2199
570620	0.959567	31156436	0	2590
3789093	0.24424	258285	13	1752
2082052	0.916173	35174477	0	2312
5738416	0.272004	31807451	15	1416
6726941	0.699274	7384833	16	2170
5575668	0.571436	3288167	8	1752
5625373	0.19703	14005054	16	297
6593823	0.432933	22665016	17	357
1156733	0.466018	47420547	13	1826
3405665	0.101182	39383791	1	2582
2970348	0.75978	32574744	11	2974
419572	0.417105	44485310	14	2170
461022	0.806339	38201110	1	1709
6390350	0.399411	12898993	17	1752
6406572	0.669996	964135	2	1240
6414037	0.742739	6672267	1	1370
3478596	0.502159	1009988	2	1816
5273562	0.801645	17477255	1	1127
1725623	0.751612	15129341	1	353
1739671	0.80782	46079793	4	547
1760904	0.105916	42134777	3	1752
5901876	0.799246	26836095	8	1826
6884711	0.317313	39274561	18	1816
6898126	0.46357	1093064	3	753
227700	0.561092	8095328	17	357
1739728	0.61463	6213062	8	947
5142093	0.514323	24383494	16	203
1120768	0.447341	45651231	17	2914
2107974	0.723764	38062999	8	1551
4839155	0.823416	20326266	11	2701
5212820	0.753468	19420475	14	3188
6173857	0.876124	3627218	15	2183
6218311	0.368891	44042666	3	1370
6219406	0.336001	32206395	13	1240
6240071	0.667203	29221177	8	1842
5810830	0.67331	37873843	8	1551
3914834	0.882215	11280229	0	2199
4116014	0.293698	31563018	17	1370
1413905	0.62403	31190061	3	203
3959663	0.774969	5249046	1	2199
691798	0.934925	36843838	15	2590
6814756	0.408649	12898993	1	1752
1217366	0.353234	13377637	7	1826
1239109	0.428317	17529650	10	1554
7008968	0.117388	30961200	17	1915
6060836	0.798329	46086965	10	1240
6076088	0.830698	28411165	1	258
5791684	0.745614	42526497	8	1551
3537050	0.357017	36440853	16	1752
3004423	0.611049	15705993	14	3263
4114994	0.116303	28560872	18	540
5021171	0.266195	432050	8	3123
5054616	0.506939	7429638	18	721
6709249	0.368102	258285	13	1752
6785263	0.614064	7962459	16	2883
3615842	0.719894	45212104	16	1370
2053275	0.362014	15070530	17	2820
7155969	0.824575	19143657	0	1551
3158729	0.442321	24459581	20	1348
4168587	0.805343	25416597	4	1534
5841047	0.854328	22913758	4	359
7185531	0.402859	19309174	17	3111
6940131	0.661263	15361911	4	2974
5343198	0.57636	39595971	18	720
6033365	0.667747	32469665	6	1551
2824879	0.46474	42272180	13	1752
5114887	0.70771	45191484	8	1085
4811574	0.485703	20860474	17	2974
4847931	0.600762	42118986	3	1752
4949189	0.726516	8429644	15	3111
4975663	0.788119	32513793	4	648
5921467	0.595697	51000269	4	540
6968300	0.550719	34895342	8	2723
4426094	0.577959	51000269	16	540
4430890	0.773855	24874764	4	1816
809087	0.58312	50085333	13	2847
1482188	0.723202	47761162	0	3257
1510186	0.321624	29111704	17	1783
3022722	0.778742	411545	4	3126
3049526	0.78091	29062210	14	2422
3049727	0.642792	30322470	8	1826
3187172	0.836331	24503027	11	359
7234479	0.712044	21150919	16	328
7253869	0.203694	29777422	1	1816
1944462	0.866495	29678359	0	2170
2578008	0.485289	49048700	8	3263
2586208	0.7147	26654585	8	1551
6688334	0.855261	32831234	4	2166
1881032	0.647339	4287334	8	1935
6259118	0.524268	13478104	1	2166
150949	0.800822	21678254	4	2649
871836	0.655567	39926985	16	1370
6302834	0.264106	42357736	1	1762
2273717	0.490984	12242701	0	1240
7111600	0.676926	5751549	8	437
1745809	0.545718	14292727	8	359
5400782	0.797215	40108568	11	432
6851029	0.533122	265426	0	2649
2708493	0.32839	36408775	10	432
5758840	0.560917	13735206	4	357
2948864	0.281724	36707616	13	2701
2988905	0.843472	27170356	0	1802
3548007	0.700011	44443304	14	2974
5090628	0.695022	17813071	0	1766
5600481	0.894847	12212497	4	1260
5605406	0.300651	17100215	1	3263
5627340	0.47401	52615106	17	2590
6033769	0.71934	35995563	4	1378
6599695	0.835358	1739143	11	1551
2171610	0.854399	33131962	0	1950
2188485	0.408908	8674901	18	2820
4393635	0.495771	30649784	2	297
5719905	0.995621	51426389	4	2883
3778852	0.625461	32455819	1	1826
1638555	0.329546	45135664	18	3161
4900027	0.995627	32780452	4	580
2817313	0.8152	21197593	4	2319
2825914	0.615644	19367944	16	1519
2853167	0.688066	18436014	1	174
1282644	0.446417	14058466	10	2708
5884120	0.640409	11046204	17	921
6521483	0.830811	39077352	4	1121
630321	0.606528	49623056	8	359
6922388	0.995599	7989426	4	836
3671803	0.761744	50870711	10	1826
2473018	0.303334	9913167	20	1881
223525	0.782475	14245992	11	359
3112882	0.316027	31594227	15	1240
3729692	0.889266	48056949	15	3235
3742096	0.813117	20663496	14	3188
1624745	0.692397	14323272	4	3257
1658064	0.850645	42282366	4	1752
2487994	0.357328	10429833	18	1816
153544	0.619705	21719177	11	359
154107	0.616414	44541568	18	1783
2273715	0.276907	12062408	9	1240
6056417	0.767809	47938129	4	939
3999575	0.562741	47223242	8	297
4000953	0.635907	9851296	15	2244
6328317	0.849393	379965	15	355
3810316	0.867606	1149385	0	1121
3435585	0.721479	30286136	18	1378
3447617	0.396826	48145408	10	1752
793959	0.742631	2999773	8	3187
1502688	0.310695	40699981	1	1240
3194636	0.543056	27656167	2	1240
396072	0.765619	16512318	4	353
399700	0.925785	43334711	0	2847
423166	0.644387	39207483	4	297
459670	0.806993	37050203	15	3111
463602	0.261916	22558279	16	1752
4119446	0.644054	25562307	8	893
2064915	0.835677	36971628	4	947
6135030	0.704892	9335594	14	3263
2696058	0.825229	16024990	11	1812
5462304	0.616074	46864074	0	1752
83661	0.194882	44899953	18	253
2164580	0.570449	112844	1	3111
5748027	0.452209	41386658	3	1370
297320	0.995619	39516322	4	174
2681157	0.801394	22344403	8	540
1383780	0.635475	45205581	0	3263
1384304	0.346514	34132995	17	2974
7024133	0.405303	35948942	11	2430
7052070	0.154998	18910280	17	1370
7059885	0.718155	6829773	8	1752
2028392	0.629356	3369648	8	1370
2146612	0.73748	46953717	8	1709
1346649	0.683237	32542622	1	357
5020532	0.559536	12647326	8	1127
4875741	0.917805	46099106	4	1816
2252122	0.438987	35065874	8	540
7049919	0.831434	50976934	1	1240
1827327	0.819429	22034414	4	2774
7112358	0.837992	10393381	0	1802
6348303	0.833628	29501073	1	2036
5192899	0.344617	17344407	10	3142
4468973	0.717721	6627557	18	540
5111328	0.887934	51792453	0	1762
1122382	0.838984	14228500	1	3263
4911390	0.788919	45742708	11	359
4927639	0.582276	35791397	8	253
3768412	0.798329	3982694	20	174
3829575	0.69946	21483960	14	1752
6758418	0.617986	49247828	4	2774
3816653	0.995638	30428558	4	2483
2087407	0.635141	28949252	17	1551
2089325	0.8775	42134777	4	1752
6619151	0.409659	50310231	16	1816
6702563	0.377721	37473440	16	917
6576393	0.69009	49847156	0	442
6586138	0.587574	11742680	7	1826
5763567	0.707089	24290363	16	1881
5824404	0.995641	12212497	4	1260
2777860	0.816704	29260581	4	203
3925371	0.259164	34246133	17	1752
4842492	0.752016	48379461	16	203
4558364	0.115375	6423420	3	1752
7164864	0.350371	4594886	8	2974
3165078	0.849435	563403	15	2167
3172003	0.72496	1215712	16	1709
3188444	0.668251	6792870	10	835
5025529	0.99561	13062528	4	1816
5042966	0.813475	3843899	0	753
3408963	0.357412	35302470	18	3257
2656415	0.458644	26540564	20	835
6004961	0.815117	35604980	4	3094
5209327	0.781848	50732901	1	580
6963707	0.801159	16699010	0	1949
915374	0.323381	914925	18	3257
4042646	0.46571	34709632	17	937
4361618	0.328822	37207718	1	3187
3501334	0.328448	18862909	1	433
3520779	0.819802	5615504	4	1709
1957384	0.723859	18862909	8	433
123895	0.849034	42511776	4	433
3062431	0.655331	31635335	4	42
1512325	0.728051	41204571	8	1554
1524384	0.695617	26805117	8	297
1545012	0.812066	45360246	8	1551
984372	0.745649	37805122	4	1195
1023749	0.660746	31874814	10	3111
4787046	0.833887	37207718	4	3187
4601113	0.634432	9845244	17	1881
4613147	0.540524	18230861	10	1826
4618362	0.889234	51969445	15	2319
2633746	0.711023	49478152	8	836
2643743	0.849279	29492762	15	2918
6301469	0.618085	36667900	14	1240
1367412	0.598736	5811488	4	1981
378849	0.288538	47420547	1	1826
6892578	0.729329	36404985	4	1788
6927967	0.815095	2608370	0	1127
312735	0.404041	9144468	18	547
6413878	0.695092	37509350	11	540
5626056	0.539584	48686204	15	1915
2824505	0.812339	6380030	1	1121
2829657	0.748947	29330122	7	1881
2854425	0.669457	40488577	16	2166
5696999	0.88915	28383749	15	1025
565213	0.512785	5268050	18	2261
339644	0.595401	43968733	11	1260
2176459	0.819429	40597969	18	1826
437613	0.496363	13379852	14	1169
4437153	0.299872	10884073	3	3161
4447367	0.779406	46636845	4	2460
4467022	0.824029	20367570	14	921
6688122	0.705709	2615377	3	359
1847187	0.241097	28054758	17	2806
6347984	0.869002	27851105	4	1692
4311680	0.362562	5588434	10	1879
1007911	0.558902	30493762	17	359
1034315	0.365629	12982791	3	818
6680283	0.403799	33870125	20	1260
6753328	0.902485	16366590	0	1260
5620896	0.369115	49643089	17	1127
3873281	0.200185	42357736	17	1762
6852043	0.601128	38384111	18	245
5871451	0.828749	16702181	0	3188
4002922	0.657539	38585610	0	1551
878347	0.694896	26836095	8	1826
2870316	0.429258	48231151	17	2974
2902528	0.842353	44202390	4	357
1991626	0.467677	4501415	13	1240
6197694	0.676365	13935059	0	297
1337924	0.429036	31700542	13	817
2561706	0.824223	10568536	0	3263
2972964	0.710285	31336048	4	921
7115948	0.995587	37743778	4	2089
7141469	0.464454	4823769	16	1762
7153417	0.478256	10384510	4	1551
1050378	0.853302	24290363	1	1881
1620898	0.810058	11096627	0	2170
685496	0.735408	18096685	1	2956
6830731	0.289985	32589756	8	1752
4922309	0.81946	32891770	1	3111
4944300	0.51823	23263615	16	1799
4977011	0.322537	545486	17	359
3975907	0.448488	16680010	8	1737
4009323	0.26676	22972122	17	2089
4009557	0.706683	10861603	8	3161
5786031	0.273459	41444733	17	359
5814667	0.265122	51851282	1	1240
1895474	0.473684	6552914	18	174
6007976	0.307011	3982694	20	174
3015509	0.62301	34437951	8	540
3084054	0.827853	37978835	11	921
6739519	0.714629	31682416	8	245
2394509	0.4366	35563202	2	2582
2480690	0.511594	23861960	2	1826
1285606	0.690739	39320356	4	3111
863562	0.598032	42343814	1	297
913016	0.36743	9394917	20	835
4688738	0.264128	2631538	17	1812
3592368	0.805311	10154024	1	3263
3614418	0.849341	28621453	15	3203
6019668	0.519867	12602567	14	759
5556548	0.744244	50989001	8	540
5304765	0.728429	42815830	8	540
5874224	0.663988	45655535	17	1551
1495058	0.78206	35860919	4	2610
1506665	0.835858	18096117	1	1240
3422158	0.603713	8753302	4	3263
5276940	0.640412	39540184	10	3187
5339150	0.590297	36440853	16	1752
377029	0.281176	20195612	13	3159
2193444	0.877156	18835639	1	1709
5635568	0.347306	18512967	17	3142
7155496	0.338876	22251818	17	1762
3191689	0.61699	1080368	1	2847
702526	0.743678	49623056	10	359
760897	0.376631	17458972	17	2707
370682	0.707214	45429338	11	1752
5832781	0.843934	38077159	4	1946
4988023	0.844952	23295609	4	297
7195956	0.865381	48517204	4	1881
1469171	0.995558	15887882	4	1881
4625399	0.810346	47574028	10	1826
2644777	0.819429	16359248	16	1241
4738938	0.730485	19886875	0	2914
4075290	0.85764	33897553	4	328
4316548	0.264036	40989388	3	297
4355787	0.603916	38910042	13	1812
5470051	0.849359	47591777	15	729
792164	0.929031	13894777	0	1709
422845	0.776558	6672267	4	1370
477894	0.74032	11408917	16	458
480354	0.450684	43990313	1	1950
4420881	0.703664	23364199	10	2847
7253671	0.38012	9950950	18	2601
2057689	0.619399	11283946	18	1826
1022575	0.315257	31807451	15	1416
1049486	0.783501	35048133	1	917
4951395	0.800619	41468540	0	1519
1385474	0.657931	14042960	3	720
1879373	0.674888	19498449	14	432
6741333	0.719416	48522300	8	3123
5559544	0.300682	27765830	18	547
5563941	0.250399	18719848	17	1370
3366752	0.424333	6627557	2	540
7039663	0.836692	2773439	1	921
7022738	0.655959	35744810	11	1554
5538047	0.796693	42092484	4	835
3887716	0.819429	25838142	4	1095
4520388	0.3066	34697763	15	1785
6876820	0.240655	36515773	17	540
2230825	0.860871	24290363	1	1881
2317277	0.751667	12471286	8	1240
3254696	0.304307	19044384	18	1127
1168285	0.642453	9511086	16	1551
1172819	0.81564	51285154	4	458
5885231	0.625894	20145165	17	359
5617765	0.857089	30636508	4	547
3878815	0.704765	24373538	8	945
3882836	0.679148	24181773	8	2089
3927033	0.568304	16083780	17	1802
1570619	0.835837	39368931	1	1519
2183469	0.649465	41380710	8	174
4819114	0.482836	15044765	3	947
1991434	0.356683	14842047	3	1752
221785	0.425456	18055311	16	1915
3730933	0.636064	24026354	18	3263
6481662	0.774972	19872031	0	1680
4813554	0.76758	19610181	15	1881
776384	0.755963	16999866	4	2984
5145117	0.540801	52364066	2	353
1086971	0.870697	32263965	0	213
3854380	0.293439	5969020	18	2803
3860979	0.713832	50973806	14	818
1310801	0.714698	10410934	8	1826
1641962	0.45692	11132611	14	1826
1707769	0.418501	50989001	13	540
1708620	0.791467	18087794	15	359
6288965	0.57637	23295609	8	297
3049466	0.409941	6001541	15	2872
7012652	0.270988	46553097	17	297
6591846	0.95559	2275896	0	1802
256892	0.713062	22861635	14	753
265834	0.819145	2139430	4	3111
5511140	0.978202	13282610	4	2974
2940894	0.181221	4917981	16	1950
505269	0.251	3935711	11	540
6187357	0.546316	16443474	8	2036
5766949	0.707671	31144692	4	1752
5248003	0.630794	3257574	16	1723
5259548	0.639513	25711415	8	1709
6114584	0.613275	11046204	16	921
4924819	0.763252	49291002	8	1915
4981361	0.304215	20096848	3	540
5109675	0.290397	51280632	17	3123
6910078	0.824805	33897553	1	328
6922815	0.323727	50989001	17	540
6452868	0.434498	29441738	3	720
2054874	0.504842	29777422	17	1816
2110938	0.74088	33608705	14	2270
2115244	0.507987	43207329	10	1950
1393719	0.535484	44797554	15	24
1468060	0.70889	49090068	1	1826
6709228	0.733568	9498111	14	1881
813940	0.831365	3808985	1	458
3270892	0.441657	43732884	4	3161
4285014	0.358714	50989001	9	540
2883970	0.713749	31855012	0	1920
2912593	0.771219	42522708	7	1551
5519636	0.227441	4225976	17	203
1449368	0.496189	3369648	14	1370
6205280	0.54304	1317084	13	1378
6229553	0.646615	11575441	8	1551
2637397	0.695092	16083780	8	1802
5327326	0.766768	28861302	14	2821
3919180	0.850836	45882258	0	1121
6858363	0.823737	49243060	1	947
3639046	0.563155	17724805	1	1370
2766076	0.571933	35569478	17	1826
4349471	0.947926	43828907	0	2671
4263955	0.644516	22665016	0	357
2063590	0.463848	1042966	17	2883
6102826	0.853773	46099106	4	1816
2804754	0.845722	41495280	0	1802
2847970	0.375722	49501659	4	1802
2403034	0.849263	50818659	15	2105
3470411	0.457975	25286182	17	359
3470417	0.33375	8953881	13	245
3490986	0.380052	8518759	10	1466
3438503	0.207483	32949013	7	2430
3848227	0.853766	3051244	0	2166
896648	0.93402	43371322	0	433
918750	0.673838	7430820	3	3111
6663805	0.19568	19051726	13	1816
7279777	0.591672	13226549	4	2199
1175352	0.680065	31510760	3	1816
5122401	0.94989	1840759	4	1591
5127674	0.270516	45453876	13	2590
5166643	0.716644	41579117	15	1816
134365	0.944048	37378958	0	2539
3859849	0.371902	47465877	17	297
5675478	0.645276	24309093	10	24
6978783	0.805208	35625393	1	1816
6133949	0.69443	43541651	4	3161
6136465	0.857689	26961799	4	1378
3519417	0.557048	33719444	8	353
6557523	0.638558	48231151	11	2974
1078885	0.340359	38843889	1	540
7177205	0.303086	31807451	1	1416
1106178	0.623704	23123046	11	281
5826726	0.823573	43303666	4	1551
1963720	0.972493	42134777	4	1752
6278598	0.315394	13175559	15	2551
3785221	0.172825	28495659	17	1121
6736351	0.368346	7107880	15	174
6936117	0.796432	30464779	14	1812
5833534	0.721568	37960977	14	2590
5842403	0.599289	27190349	10	24
725856	0.514391	22082985	17	1826
738614	0.261509	32787166	1	3273
2177776	0.455012	3424841	17	1826
6112162	0.844911	34809110	4	1497
6134753	0.476867	19528760	14	818
1352346	0.555882	2295588	1	1812
1986662	0.677061	38469907	8	174
570228	0.390686	26287104	5	1816
1534613	0.612034	34300822	20	432
1040189	0.640663	34294033	6	359
3591433	0.839751	34945334	4	1802
3597624	0.689185	32394128	18	1378
416838	0.841097	1590082	4	3257
419058	0.835358	7706143	11	2707
5714001	0.57966	39075509	14	3263
3770567	0.718707	5188189	4	1978
275035	0.399393	16159906	8	1370
282448	0.612087	35499206	10	3202
5338647	0.79766	35133798	11	836
4733079	0.137202	3288167	17	1752
5621125	0.622495	39671282	17	359
2832568	0.452355	39616817	16	733
2642045	0.895698	25888645	0	2707
4143404	0.624643	4111869	4	835
4157425	0.790114	20849842	8	817
2434678	0.626249	2240008	16	1416
713298	0.21887	25018293	8	3263
737248	0.675636	28411165	8	258
7062125	0.834881	42522708	1	1551
1900415	0.816001	17002944	4	2974
825043	0.612554	23980854	15	2383
5005467	0.272936	11479308	16	353
7200951	0.757513	26994854	1	1551
4115339	0.811645	23098675	1	3263
4731547	0.869341	42892388	0	2921
2191881	0.741313	21202500	8	1752
2239940	0.8269	45716605	1	1637
4647499	0.671344	34424635	18	297
1765931	0.651664	10372260	8	1551
1379047	0.715875	6169470	10	2551
4901401	0.751748	46773835	0	2652
6816416	0.666344	15487317	14	433
7249077	0.995058	30835786	4	791
6084417	0.648152	31190061	16	203
6713076	0.394129	5792439	18	1127
1828602	0.508247	38059843	17	213
1896420	0.828078	50319829	0	2381
3262325	0.491721	9010320	17	2820
2896861	0.542635	30763804	8	3246
225981	0.414929	16083780	17	1802
263877	0.391294	18265863	17	359
268632	0.777667	52603564	18	1107
5750476	0.746091	19420475	4	3188
3916585	0.340591	26916285	15	1241
3924068	0.807044	8095328	1	357
4535488	0.821864	15583308	11	1554
2799090	0.390061	11674256	17	433
314463	0.762246	51426389	5	2883
6997929	0.496628	51777848	8	253
2920742	0.44207	47829206	2	3159
725744	0.82389	25447512	4	359
1174051	0.401196	41293522	13	3257
1771763	0.776916	15794183	0	357
405182	0.221639	7057709	20	2723
4031065	0.806675	47789121	1	433
2145345	0.560836	17975357	17	359
44364	0.953086	9239475	4	1816
4851332	0.80262	20367570	11	921
1188694	0.184496	34945334	17	1802
5181654	0.738675	10444444	1	917
4413409	0.626373	6423420	1	1752
2722137	0.471639	22485568	16	3111
2949283	0.6578	22571782	15	3142
2974024	0.248051	49847156	3	442
5425396	0.6034	30112352	11	359
252368	0.607698	31141821	4	353
101797	0.657263	1317084	1	1378
5404019	0.541486	45649448	1	3257
4914435	0.712402	13036263	8	1752
4926092	0.354597	2439160	11	1709
6966914	0.650529	29349576	8	1752
2147174	0.722516	47898073	8	3111
5257519	0.408582	18550255	3	3257
7042407	0.711925	15425805	4	1562
4895346	0.516315	29261048	8	2883
6225880	0.773577	34735195	4	2365
5766436	0.86406	27170356	0	3142
5959810	0.801155	20679811	4	1816
3046060	0.701019	20065257	8	818
5309449	0.843976	43990313	4	1950
3998171	0.743271	3816513	8	1816
3324988	0.561886	14107454	1	297
2258003	0.2691	51963734	18	720
2283102	0.572424	3359382	15	3217
3572629	0.853295	290190	4	3142
3244737	0.573718	554226	17	1881
5115173	0.370525	27862635	18	3263
5140662	0.930524	22665016	0	357
6175772	0.828495	50835057	0	1127
3391589	0.638315	16865920	16	686
6061678	0.407968	23059505	17	174
4351960	0.241774	258285	13	1752
2582008	0.522521	31144692	16	1752
2587849	0.512523	33060040	14	2229
1597516	0.819591	44014711	4	1866
6347826	0.781011	2275896	1	1802
844672	0.813123	2663041	1	2701
5341487	0.811784	12937628	1	2883
5391673	0.684154	5153721	4	1752
1971568	0.764933	43154973	1	24
361258	0.689656	43392495	1	458
3937651	0.636023	3650504	4	2166
4300632	0.765213	40087156	14	745
4882405	0.401311	29098514	4	432
2043508	0.451101	20364927	3	2445
2118325	0.251822	14957858	13	1127
4162587	0.010111	40996208	16	1392
7221118	0.27558	52511101	16	3257
196568	0.455233	17524022	11	2199
5248198	0.710475	31850773	11	2974
70765	0.583799	38799357	18	1504
1776284	0.786446	5615504	16	1709
3481101	0.588874	16235728	20	174
865386	0.828301	554226	1	1881
931291	0.253381	44913637	20	1752
3127581	0.343797	48850042	17	1370
2629816	0.36644	21868187	13	540
2641419	0.599972	1215712	16	1709
1587232	0.971936	22276042	4	3142
4453144	0.542906	22432617	10	3111
561097	0.819517	40353805	4	1225
5672032	0.691622	12898993	1	1752
5673119	0.192734	34481679	8	720
2293398	0.25819	20236941	17	1802
96063	0.753768	2961320	16	3203
111712	0.400482	27338191	16	3257
7157362	0.638338	7514324	4	1709
6859047	0.498721	34300822	20	432
601178	0.394342	5792550	16	297
3304987	0.463231	12801526	16	921
5032749	0.616131	30698819	8	1812
5074750	0.372964	2883721	14	3263
5301871	0.741558	1018652	4	174
3132955	0.7308	42814627	0	1950
6107233	0.714308	26679433	8	1915
3471301	0.476568	50724115	13	3159
4917490	0.204505	50989001	17	540
4952478	0.818157	31312989	4	835
